instance,region,score
trn1.32xlarge,us-west-2,0.3089930207203759
g5.48xlarge,ca-central-1,0.2929541550817101
r7gd.metal,eu-west-1,0.2337006913814295
gr6.4xlarge,eu-north-1,0.2265223809012033
m6gd.2xlarge,sa-east-1,0.22456481687337698
m7i.metal-48xl,ap-southeast-2,0.1859146790965309
c5.metal,eu-north-1,0.18475327128891586
c6id.32xlarge,us-east-2,0.16794658508972946
g5.24xlarge,eu-west-2,0.16520550693370642
c6id.xlarge,eu-west-2,0.16164960622881838
r6a.48xlarge,ap-northeast-1,0.15092233443664393
c6in.16xlarge,us-west-1,0.14833160699522951
m6i.metal,ap-northeast-1,0.1436778468610058
r6i.32xlarge,ca-central-1,0.1421537295048694
m8g.12xlarge,eu-central-1,0.1379174595807121
m5a.2xlarge,ap-northeast-2,0.13777488656849482
c6gn.16xlarge,ap-northeast-2,0.13025030022332196
g5.16xlarge,ca-central-1,0.12983973376984406
r5ad.24xlarge,us-east-2,0.12159800043314396
m6i.32xlarge,ap-northeast-1,0.1205392708162622
g5.12xlarge,ap-southeast-2,0.11744357444905419
m5d.24xlarge,ap-northeast-1,0.1170684967153776
x2iedn.xlarge,ap-south-1,0.11624409856614018
r7i.metal-48xl,eu-west-2,0.1146662924241879
m5n.24xlarge,ap-northeast-1,0.11275224982739683
c6id.metal,ap-northeast-2,0.11168024731875402
c7i.metal-48xl,ap-northeast-1,0.11096399970503966
r8g.24xlarge,us-east-1,0.10902438210051388
c6in.12xlarge,eu-central-1,0.10831529519971787
m6i.metal,eu-north-1,0.108123865813793
c6in.32xlarge,eu-central-1,0.10755426769216239
x2idn.24xlarge,us-east-2,0.10679490746173625
g5.24xlarge,eu-central-1,0.10673896124685589
dl1.24xlarge,us-east-1,0.1059097959417907
m5dn.12xlarge,ap-northeast-1,0.10583789226321644
c7i.24xlarge,ap-south-1,0.10348362960433953
m6in.16xlarge,eu-central-1,0.1030269757245617
r5n.16xlarge,sa-east-1,0.10206339745314305
r7g.metal,eu-central-1,0.10183254034975085
c7i.metal-24xl,ca-central-1,0.10093583271396075
c5.24xlarge,eu-north-1,0.09952700963306772
m5dn.16xlarge,ap-northeast-1,0.09948325216493702
c7i-flex.8xlarge,eu-central-1,0.09826685172209683
r6a.48xlarge,us-west-1,0.09809145171263937
c6gn.xlarge,ap-northeast-1,0.09787216346512585
c6id.12xlarge,eu-west-2,0.09777993869506756
c6in.8xlarge,ap-southeast-2,0.09756205029478533
c5d.24xlarge,eu-west-2,0.09651864051660271
r8g.metal-24xl,us-west-2,0.0951806383487278
m8g.16xlarge,eu-central-1,0.09512301585575295
c7i.metal-24xl,eu-central-1,0.09475979069606129
c6in.xlarge,ap-south-1,0.09469433972489506
c6in.metal,us-east-1,0.09413681770440066
c6in.16xlarge,us-east-1,0.09380647564226577
r6id.24xlarge,eu-west-1,0.09319251582380597
m5d.24xlarge,ap-northeast-3,0.09307668110694653
c6a.48xlarge,eu-west-2,0.09078440749515845
r6gd.2xlarge,us-west-2,0.09056304023034303
r6in.8xlarge,ap-southeast-2,0.08974300573130262
r6g.metal,eu-central-1,0.08968289070677878
x2iedn.4xlarge,sa-east-1,0.0896165272421473
r6a.metal,ap-southeast-2,0.08822116840994282
x2iedn.4xlarge,ap-southeast-1,0.08742340287826657
r7gd.16xlarge,us-west-2,0.08725169696090322
m7i-flex.8xlarge,us-east-2,0.087141814352682
c6id.24xlarge,eu-west-2,0.0870881606332011
r7i.2xlarge,ap-northeast-2,0.08679682926417752
c7a.metal-48xl,eu-north-1,0.08661173278453571
c5ad.12xlarge,sa-east-1,0.08659538297440947
r6i.12xlarge,ap-northeast-1,0.08638408437729467
c7i.24xlarge,eu-west-1,0.08632711633350848
c6in.16xlarge,eu-central-1,0.08590357526383355
c6in.8xlarge,ap-south-1,0.0843669765569288
r7g.12xlarge,us-west-2,0.08436181535596367
m6idn.24xlarge,us-east-2,0.0842553386800126
m5dn.16xlarge,us-west-2,0.08400601943760483
m6id.12xlarge,ap-northeast-2,0.08367249437849555
c6i.32xlarge,eu-central-1,0.0828080419369174
m6gd.12xlarge,sa-east-1,0.08270213974243949
r6idn.metal,eu-west-1,0.08235031097762142
m6idn.metal,eu-north-1,0.08198127310340243
m6idn.large,ap-southeast-1,0.08190687697887425
r8g.16xlarge,us-west-2,0.08178180419728182
m6id.xlarge,ap-south-1,0.08158157212334055
c6gn.16xlarge,ap-southeast-2,0.08127031926993812
c6gd.metal,ap-southeast-1,0.08098204489817525
m6id.8xlarge,ca-central-1,0.08058913123921414
c6in.32xlarge,eu-west-1,0.08052547828826633
m5zn.3xlarge,ap-northeast-1,0.08048391780873514
c7i.metal-24xl,us-east-2,0.08014466309036825
r7i.metal-48xl,ap-northeast-1,0.08009618915495667
x2iedn.16xlarge,us-west-2,0.07993725312825875
r7i.metal-48xl,eu-west-1,0.07982146283578034
m4.16xlarge,us-west-2,0.07954094972233156
r7g.8xlarge,eu-north-1,0.07949827696141992
c5ad.12xlarge,eu-central-1,0.07946033286220981
r5dn.16xlarge,eu-west-3,0.07929401361022849
i4i.xlarge,sa-east-1,0.07900792721633332
m6i.metal,eu-west-2,0.07900792721633332
m6in.4xlarge,ap-southeast-1,0.07766807037497224
m6a.12xlarge,ap-northeast-1,0.07631847915656169
r7g.metal,us-east-1,0.0761527804670994
r7g.16xlarge,eu-west-1,0.07600316803211718
m5.metal,sa-east-1,0.07599699955232664
r5a.12xlarge,eu-west-1,0.07581245281031745
m6i.24xlarge,ap-northeast-3,0.07579787243244901
r7i.metal-48xl,eu-north-1,0.07538975459300461
r6g.metal,ap-south-1,0.07464650605981928
r5n.metal,us-west-2,0.07444890272262053
t4g.large,ap-northeast-3,0.07417057321592367
c5d.24xlarge,eu-north-1,0.0740862501544112
m6in.large,eu-central-1,0.07397950261105607
c7i.12xlarge,eu-west-2,0.07389016203916522
c6g.metal,eu-west-3,0.07380832089571204
m6idn.8xlarge,us-west-2,0.07378784590689436
r6gd.4xlarge,ca-central-1,0.07378378548909406
r6gd.4xlarge,ap-northeast-2,0.07239474600238871
r6i.metal,ap-northeast-1,0.07210663582256382
c6a.8xlarge,ap-southeast-2,0.07182842904729542
m6idn.metal,us-east-1,0.07166571772074377
m6id.metal,sa-east-1,0.07144567072466412
i4i.metal,eu-west-3,0.07143705661767732
r6in.12xlarge,ap-southeast-1,0.07100149917490903
c6in.2xlarge,ap-south-1,0.07096131253162052
r7g.metal,ap-northeast-1,0.07094543486454088
m6in.12xlarge,ap-northeast-1,0.0706812694578064
r6idn.4xlarge,eu-central-1,0.07059525162940636
c5a.24xlarge,ap-northeast-2,0.07046548837642239
r7a.48xlarge,ap-northeast-1,0.07046010146081613
m6in.metal,us-west-1,0.07039032066342768
inf2.8xlarge,eu-west-3,0.07039032066342768
r6g.16xlarge,eu-central-1,0.07033088820177485
m5dn.8xlarge,us-west-2,0.07016147929164203
m6idn.xlarge,ap-southeast-1,0.06996382692543829
m7i.2xlarge,ap-northeast-2,0.06978841143705228
c5n.9xlarge,ap-northeast-2,0.0695731488828554
m5ad.12xlarge,us-east-1,0.06933572068501599
r7a.24xlarge,eu-north-1,0.06913260581413452
m6gd.medium,sa-east-1,0.06905097216372583
m7i.metal-48xl,eu-west-3,0.06829357948179055
m6i.24xlarge,ap-northeast-2,0.06752769541730823
g6.2xlarge,us-east-1,0.06737934014718751
m6in.24xlarge,eu-west-1,0.06735204077367819
c6i.metal,ap-northeast-2,0.06730967947538279
c6in.metal,ap-northeast-1,0.06652186700505708
r6a.32xlarge,ap-northeast-1,0.06631735693174277
c6id.metal,sa-east-1,0.06616486771023636
m6in.16xlarge,us-east-2,0.06614817427401254
m6i.metal,sa-east-1,0.065872281969797
g6.48xlarge,eu-north-1,0.06572211122660492
g4dn.12xlarge,sa-east-1,0.06571118090832319
r6idn.2xlarge,ap-northeast-1,0.06570635999204338
m6a.48xlarge,eu-west-2,0.0652178491339066
c7i.48xlarge,ap-northeast-1,0.06521646481266251
m6id.12xlarge,ap-southeast-1,0.06514880367139339
r6id.32xlarge,eu-west-1,0.06510395061396634
r7a.48xlarge,eu-north-1,0.06504433340929588
c5a.12xlarge,sa-east-1,0.06468999262632108
c6gd.8xlarge,sa-east-1,0.06464151421305252
m6idn.32xlarge,us-east-2,0.06435761238606713
c7gd.16xlarge,eu-west-1,0.06410015906614859
r6g.metal,us-west-2,0.06407057575669413
c6i.metal,ap-south-1,0.06376513928243077
c7gn.4xlarge,us-west-2,0.0636744599308755
r7i.metal-48xl,ap-southeast-2,0.06354164206715274
c7gn.metal,us-east-1,0.0635265349763378
c7i.xlarge,eu-west-3,0.06345439953265836
c8g.metal-48xl,us-east-1,0.0632346486775985
c6id.metal,ap-northeast-1,0.0632346486775985
c8g.48xlarge,us-east-1,0.0632346486775985
r5n.metal,ap-northeast-2,0.06286394198698292
x2iedn.4xlarge,eu-west-1,0.06281151128664408
x2iedn.24xlarge,us-east-1,0.06279742053877098
c6gd.metal,sa-east-1,0.06271886123164129
r6id.12xlarge,ap-southeast-2,0.0626636215238144
r6idn.2xlarge,eu-central-1,0.0626141532721532
inf2.8xlarge,ap-northeast-1,0.06251982386476547
c6gd.metal,eu-north-1,0.06241618294356065
c7i.metal-48xl,ap-southeast-2,0.06231860073872929
m6idn.32xlarge,ap-northeast-1,0.06222062460863839
m6in.metal,us-east-1,0.061952922544418844
r6i.metal,eu-north-1,0.06190814455045628
r6g.metal,eu-north-1,0.061484831103745814
r7i.metal-48xl,sa-east-1,0.06132515951957441
r6g.8xlarge,eu-west-2,0.06094914436167532
m6i.32xlarge,ap-northeast-3,0.0609087519298239
r6i.metal,ap-northeast-2,0.060808573332570386
r6a.48xlarge,eu-west-1,0.060612982795042486
r7i.xlarge,ap-northeast-2,0.060467785196470565
r7gd.medium,us-east-1,0.06044595733569624
c5d.24xlarge,ca-central-1,0.06020182510341897
m7a.48xlarge,eu-central-1,0.06004432975928828
m5dn.metal,us-west-2,0.05985203524161296
m6gd.12xlarge,us-east-1,0.059672939927563305
m6i.metal,ap-northeast-3,0.05963226360794302
x2iedn.16xlarge,eu-west-1,0.05955819919073029
m7g.12xlarge,ap-south-1,0.05936648002313263
m6idn.8xlarge,eu-north-1,0.059333101956362516
m6idn.4xlarge,ap-northeast-1,0.05866299745557915
r7i.16xlarge,us-east-2,0.05840920938441287
x2iezn.metal,us-east-1,0.058395763040511986
m6idn.16xlarge,ap-south-1,0.05829058927664468
c5d.24xlarge,ap-northeast-1,0.05825664925849105
c7i.48xlarge,eu-central-1,0.05822568344334703
c6i.metal,sa-east-1,0.05795793377340908
r7i.metal-24xl,ca-central-1,0.05793901327086465
i4i.metal,us-east-1,0.057750554174444926
r6idn.24xlarge,ap-southeast-2,0.057641996740044006
r6g.16xlarge,eu-west-3,0.05758384350677855
c5d.24xlarge,ap-northeast-2,0.05747422236218941
m5.24xlarge,eu-west-2,0.05747205915817356
m6idn.16xlarge,us-west-2,0.057291688354681555
d3.8xlarge,ap-northeast-1,0.057228608687213404
i4i.32xlarge,ap-southeast-2,0.057228608687213404
r5ad.24xlarge,eu-central-1,0.057066175108998154
r6a.metal,ap-northeast-1,0.05693437871332048
r7iz.metal-32xl,eu-central-1,0.05690349873696263
c6a.metal,ap-northeast-1,0.05687662935700936
m6in.32xlarge,eu-west-1,0.05682650522902478
d3.2xlarge,ca-central-1,0.056756297604437074
c7a.24xlarge,us-east-2,0.05674696699655054
g6.24xlarge,us-west-2,0.05625908501560235
c6i.24xlarge,ap-northeast-2,0.0561617235028274
m7i.48xlarge,ap-south-1,0.05612940514618086
r8g.24xlarge,us-west-2,0.05607755916690981
m7i.48xlarge,ap-northeast-2,0.05602096067091677
c6g.metal,ap-south-1,0.05586283280775939
g6e.12xlarge,us-east-1,0.055852903096518317
r6idn.32xlarge,us-east-2,0.0556135298329318
m5ad.12xlarge,ap-southeast-2,0.055539960132048545
c6gd.metal,ap-southeast-2,0.05528071806060936
m6gd.4xlarge,ap-northeast-1,0.05527179177335307
m7i-flex.4xlarge,ap-south-1,0.05526185296063473
c6i.metal,us-east-2,0.05504319943837425
r6i.24xlarge,ap-northeast-1,0.055040835800995
r7i.metal-24xl,ap-southeast-2,0.05490566262594834
g6e.48xlarge,us-east-1,0.054825894327434656
c6id.24xlarge,us-west-2,0.054819513863942286
m7a.metal-48xl,eu-north-1,0.054789667799993454
c7i.metal-24xl,ap-northeast-1,0.05436402817458073
r6id.24xlarge,ap-southeast-1,0.054079294960275415
c5n.18xlarge,eu-west-2,0.05385871065563622
m6gd.4xlarge,sa-east-1,0.05380468607407126
trn1.32xlarge,us-east-1,0.053735088375954684
r5ad.16xlarge,us-east-2,0.05351772905724134
m6gd.large,sa-east-1,0.05338746022914998
r5ad.8xlarge,eu-west-3,0.053354621164313845
c5n.18xlarge,ap-northeast-3,0.053311001944171
c7i.metal-24xl,eu-north-1,0.05325541095702818
m5d.24xlarge,ap-southeast-1,0.05307548512453465
m7g.metal,ca-central-1,0.05297598615861343
r7g.metal,us-west-1,0.05275063559054776
r5ad.12xlarge,eu-west-3,0.052698285206401435
r7iz.large,us-east-1,0.05243350450421535
r5b.8xlarge,ap-northeast-2,0.05233498864217238
t4g.medium,ap-northeast-3,0.05200125116163568
r6i.metal,eu-west-2,0.051967857741702095
r5dn.xlarge,eu-west-3,0.05193410404953896
m5dn.24xlarge,us-west-2,0.05188131998893031
c5d.12xlarge,us-west-1,0.05173288956710755
m6in.8xlarge,eu-central-1,0.051722584585460446
c6gn.12xlarge,ap-northeast-2,0.05165104367384727
c5.24xlarge,ap-northeast-2,0.05153149872921219
r6i.32xlarge,eu-north-1,0.051530630225422536
c6id.metal,eu-west-1,0.051485688078127693
c6a.48xlarge,ap-southeast-2,0.051464443989364665
m6in.12xlarge,eu-central-1,0.051412508707439776
r6a.12xlarge,ap-southeast-2,0.0512499619403872
c5ad.24xlarge,us-west-2,0.051204064419170366
m5dn.4xlarge,ap-northeast-1,0.05110944343427605
m5n.metal,us-west-2,0.05109744508659567
m6a.24xlarge,sa-east-1,0.05083233761826558
r5b.12xlarge,ca-central-1,0.050815525246718986
m5n.16xlarge,us-east-1,0.050721930023862424
c6in.8xlarge,ap-southeast-1,0.05068048250379942
r6a.16xlarge,us-west-1,0.05042758538869182
m6idn.16xlarge,eu-north-1,0.05039153442303835
r7iz.8xlarge,us-east-2,0.05039126410972564
r7i.metal-24xl,sa-east-1,0.0502872089414677
gr6.8xlarge,eu-central-1,0.05003449426253439
r6idn.32xlarge,ap-southeast-1,0.04997834479566207
x2idn.16xlarge,us-east-2,0.0499112170349592
r6g.16xlarge,ap-south-1,0.04976628748629239
r7a.32xlarge,eu-central-1,0.04969754914287047
g5.8xlarge,us-west-2,0.04964311221263244
c7g.metal,ap-northeast-2,0.04961156870206422
r6gd.12xlarge,eu-west-1,0.049428814622381176
c6a.metal,ap-south-1,0.04901428237247706
m6id.4xlarge,ca-central-1,0.04895702560942185
c6gn.8xlarge,eu-north-1,0.048954466789828455
r6in.8xlarge,ap-southeast-1,0.04892686126010994
c7i.12xlarge,us-east-2,0.048627810918049005
m6in.32xlarge,us-east-1,0.04860646377932432
m6gd.16xlarge,us-west-1,0.048520096218094375
c7i.metal-48xl,eu-north-1,0.04803832062583523
i4i.32xlarge,eu-central-1,0.0478322687618666
r5b.8xlarge,ap-northeast-1,0.047809842250080996
c7g.metal,ap-south-1,0.04780932079501882
r5b.xlarge,ca-central-1,0.0477782779486544
r7i.metal-24xl,eu-central-1,0.04773454043604252
c6gn.8xlarge,eu-west-3,0.04738570602577618
m5n.24xlarge,us-west-2,0.04738246233099462
c7gn.2xlarge,us-east-2,0.047344902600505445
m7i.metal-48xl,ap-south-1,0.046959481500017476
r6gd.12xlarge,us-west-1,0.046906214046783065
m5ad.8xlarge,us-east-2,0.046778143599435724
r6in.xlarge,eu-central-1,0.04668608565888114
g6.4xlarge,eu-north-1,0.046419880685338026
c6gn.4xlarge,sa-east-1,0.04636925495275538
c5a.16xlarge,ap-southeast-1,0.0462208294540442
r6idn.2xlarge,ap-southeast-1,0.046201566328293024
c7i.metal-24xl,ap-south-1,0.04607555806458234
r7a.8xlarge,ap-northeast-1,0.04595960546507695
c7gn.metal,ap-northeast-1,0.04567994622413072
c6gd.metal,us-east-1,0.04557624075715562
m5ad.16xlarge,eu-central-1,0.04551831517724144
r5ad.8xlarge,ap-southeast-2,0.04545959724819249
r5n.metal,sa-east-1,0.04544940622828476
m6i.metal,eu-west-1,0.04538046825362591
m7i-flex.8xlarge,us-east-1,0.045364894746990035
c6gn.2xlarge,ap-northeast-2,0.04529912007286858
r7i.4xlarge,us-east-2,0.045290211942237424
c6gn.2xlarge,ap-northeast-1,0.04528630447107777
r6a.12xlarge,us-west-1,0.045280817570894874
r6in.2xlarge,ap-northeast-1,0.04522871315082718
m6id.16xlarge,ap-northeast-1,0.04521802405955848
c7i.2xlarge,eu-central-1,0.04519991275216544
c5n.18xlarge,eu-west-1,0.04516760619828464
r7i.8xlarge,eu-central-1,0.04516760619828464
i4i.large,sa-east-1,0.04516760619828464
m7i.16xlarge,eu-central-1,0.04515168591137062
gr6.4xlarge,eu-central-1,0.04508056285254763
c6in.4xlarge,eu-west-2,0.04501042235531149
c6in.24xlarge,ap-southeast-1,0.045008290046190814
r6id.12xlarge,ap-northeast-1,0.04483632238811152
r5n.24xlarge,eu-west-3,0.04479918659402949
vt1.24xlarge,us-west-2,0.04474895367670899
x2iedn.8xlarge,us-east-2,0.04460801917959719
c6id.large,ca-central-1,0.04451019255764702
r5n.16xlarge,ap-northeast-2,0.04451013410704936
d3en.8xlarge,us-west-2,0.04440041299580852
m6id.metal,eu-central-1,0.044351556043688074
r6gd.metal,eu-west-3,0.044351556043688074
c7gd.12xlarge,ap-southeast-2,0.04429963027212735
r6i.16xlarge,ap-southeast-1,0.044260420593196556
m5.metal,ap-northeast-2,0.04410610133319601
r6id.32xlarge,ap-southeast-1,0.04406983665209232
m5a.12xlarge,eu-west-3,0.044065989580636435
c6gd.4xlarge,eu-west-2,0.04399676750781359
c6gd.xlarge,ap-northeast-3,0.043746670775874456
c5d.18xlarge,eu-central-1,0.043729590858756044
g6.24xlarge,us-east-2,0.0437011627522603
g5.4xlarge,sa-east-1,0.04368985143455241
r6g.12xlarge,eu-central-1,0.04365014857003205
c7i.12xlarge,ap-south-1,0.04356952340240436
c7i-flex.8xlarge,ap-northeast-1,0.04355383599296447
c7i.large,ap-northeast-2,0.043397881012492666
c6id.32xlarge,ca-central-1,0.0433569882699832
m7i.metal-24xl,ca-central-1,0.04330486169094403
r7gd.metal,us-east-1,0.043294382478157964
r7i.metal-24xl,us-west-2,0.04324388353109397
m6in.large,ap-southeast-2,0.04321215436509844
r7i.48xlarge,eu-west-1,0.04293502945078811
r7i.metal-48xl,ca-central-1,0.04291418924589169
r8g.12xlarge,us-east-1,0.04284741107439137
r7i.12xlarge,us-west-2,0.04276935051927513
r6id.8xlarge,ap-south-1,0.04275925038082583
c6in.12xlarge,ap-southeast-1,0.0427355899453706
m8g.metal-48xl,eu-central-1,0.042735485945357796
c7g.16xlarge,ap-northeast-1,0.04264929461616618
m7i.metal-24xl,ap-southeast-2,0.042647679457110954
r7a.48xlarge,eu-central-1,0.04249866254136609
m5dn.metal,eu-central-1,0.042487164229592325
r6id.24xlarge,ap-northeast-1,0.04228959599671215
x2iedn.2xlarge,us-east-2,0.04210105077303399
r7i.48xlarge,ap-south-1,0.042048692099186984
r6g.12xlarge,eu-west-2,0.04193666432160109
m7a.metal-48xl,us-east-2,0.04176512260910319
m4.16xlarge,eu-west-2,0.04160209513419227
m6a.metal,us-west-1,0.04150032726996171
c5n.9xlarge,eu-west-1,0.0414469665322407
c7gn.4xlarge,eu-west-1,0.04135355009449854
r6id.32xlarge,ap-northeast-1,0.04132356211406017
r7i.24xlarge,eu-west-2,0.04123942986717517
r6idn.12xlarge,us-east-2,0.04080751117359858
c6id.12xlarge,ca-central-1,0.04071720990395126
m6idn.4xlarge,eu-central-1,0.040683595359336557
r7i.metal-24xl,ap-northeast-1,0.04068040078300113
m6idn.32xlarge,eu-west-1,0.04065221332967079
r5b.4xlarge,ca-central-1,0.04061345129470018
m6in.2xlarge,ap-northeast-1,0.0406051369764052
c7gd.8xlarge,eu-west-1,0.040513229954369304
m8g.24xlarge,eu-central-1,0.04021785957996953
m6i.16xlarge,us-west-2,0.04011925155394439
r8g.12xlarge,us-west-2,0.03999902918829397
g6e.8xlarge,us-east-1,0.03992819950950334
c7a.24xlarge,eu-north-1,0.039906338733927786
m6gd.8xlarge,us-east-1,0.03981788118773639
c6gd.metal,ca-central-1,0.039641927975394196
d3en.12xlarge,ap-southeast-2,0.039557567293767144
r5b.8xlarge,ap-southeast-1,0.03954627528940427
r6id.metal,ap-northeast-1,0.03943741125881723
c7gn.16xlarge,us-east-1,0.039371467256691856
m7gd.metal,ap-northeast-1,0.03919120681606425
r6i.metal,eu-west-3,0.03908629759879443
m5dn.8xlarge,us-east-1,0.03890580751061547
c6in.xlarge,eu-central-1,0.03889713947177125
r6id.metal,eu-central-1,0.03889567380689104
is4gen.4xlarge,us-east-1,0.03884029469265804
x2idn.32xlarge,ap-southeast-1,0.038662481072951636
c7g.metal,ap-southeast-1,0.038650918950456074
r6idn.24xlarge,eu-central-1,0.038634110410678386
r5d.24xlarge,us-west-1,0.038485917278547034
c7gn.metal,us-west-2,0.03823367964519129
c7gn.8xlarge,us-east-2,0.038227186562453504
m5.24xlarge,ap-southeast-2,0.038143040993610204
r7i.12xlarge,ap-northeast-1,0.03797511083819712
i3en.metal,eu-central-1,0.03790105409003425
is4gen.large,eu-west-3,0.03790105409003425
i4i.24xlarge,us-west-1,0.03755509020699832
m7i.metal-24xl,sa-east-1,0.03742266162504567
m5ad.4xlarge,ap-northeast-1,0.03736846740004927
r5dn.metal,eu-west-1,0.03736387936352594
m7a.32xlarge,ap-northeast-1,0.03728277461847522
m7i.metal-48xl,sa-east-1,0.03723565614325774
m7a.12xlarge,us-west-2,0.03723378310137985
c7a.48xlarge,eu-central-1,0.03718085762604282
m5ad.8xlarge,eu-central-1,0.037086612788241886
r6id.32xlarge,us-east-2,0.037052097782604175
g6.24xlarge,us-east-1,0.03704690598863928
r7i.48xlarge,us-east-2,0.03696138245867123
m6id.12xlarge,ca-central-1,0.036936776602970976
r6i.24xlarge,ap-northeast-3,0.03691113340436184
r5n.16xlarge,eu-west-3,0.03690177397797973
c5n.4xlarge,eu-north-1,0.03686707368066301
r7g.12xlarge,ap-southeast-1,0.03686647168352225
c6gn.8xlarge,us-west-2,0.036859780011514305
r5ad.12xlarge,ap-southeast-2,0.03684034487978916
r5a.16xlarge,eu-west-1,0.03671415847202451
c7gd.12xlarge,us-east-1,0.036594216518469336
m6i.32xlarge,ap-south-1,0.03647344593242331
r7a.8xlarge,eu-north-1,0.03640102628928905
r5a.12xlarge,ap-northeast-1,0.03635410770623894
c5ad.12xlarge,ap-southeast-2,0.03634733612352531
r5n.24xlarge,ap-northeast-2,0.03625149698110834
m6in.12xlarge,ap-southeast-2,0.03618319181914013
m6g.metal,ap-southeast-2,0.03615548478791906
d3en.12xlarge,eu-west-1,0.036116178204999023
r5ad.8xlarge,ap-northeast-1,0.036064359522617946
r7i.24xlarge,ap-southeast-1,0.03584978022726467
r5b.24xlarge,ca-central-1,0.03566948595720056
g6e.8xlarge,us-east-2,0.03557102733422562
c7gd.metal,eu-west-1,0.035498994428884434
i4i.metal,eu-west-1,0.0354289523191219
c5a.8xlarge,ap-southeast-1,0.03523268230762988
r6idn.xlarge,us-east-1,0.03518994088819146
r6idn.16xlarge,us-west-2,0.035166347707030095
c7gn.4xlarge,us-east-1,0.03506220926446469
m7i-flex.xlarge,eu-west-2,0.03503718491099518
r6gd.12xlarge,ca-central-1,0.03483632363947301
inf2.24xlarge,eu-west-3,0.03477614210762783
c6gd.metal,ap-northeast-1,0.034768013690064915
c7i-flex.2xlarge,ap-southeast-2,0.03474564650929359
c6in.2xlarge,eu-central-1,0.03473526070280443
r6g.12xlarge,ap-northeast-1,0.034677105770393284
m6in.32xlarge,us-west-1,0.03457180381966844
m5dn.2xlarge,ap-southeast-1,0.034567306807544516
m6in.metal,eu-north-1,0.034429623805047986
m5ad.8xlarge,ap-southeast-2,0.03437237910832243
r5b.8xlarge,ap-southeast-2,0.03431822945834255
c7g.metal,eu-north-1,0.034244094996087736
c6a.48xlarge,us-east-2,0.03421807482666052
im4gn.2xlarge,ap-northeast-1,0.0341805338656145
r6a.4xlarge,ap-southeast-1,0.034173499686499104
c6i.32xlarge,ap-southeast-1,0.03415941138258806
m6idn.4xlarge,ap-south-1,0.03413965843051319
m6in.4xlarge,ca-central-1,0.034137290805168814
c7gd.4xlarge,us-east-1,0.03411104200263546
m7i-flex.xlarge,eu-central-1,0.034026328231241104
c6gn.8xlarge,eu-central-1,0.0336757492766275
m6idn.16xlarge,us-east-1,0.03363717402645411
x2gd.metal,us-west-2,0.033608810727500056
c5d.18xlarge,ap-northeast-2,0.03352566353850524
c6a.metal,eu-central-1,0.03329942931253757
c7gd.metal,us-west-2,0.033254259939121636
r5dn.8xlarge,eu-central-1,0.033232651917535744
m5a.16xlarge,ap-northeast-1,0.033163460450899206
r5ad.8xlarge,ca-central-1,0.03303954747962918
r7i.metal-24xl,us-west-1,0.03285341195593123
c6a.32xlarge,ap-south-1,0.0326932206038746
c7i.16xlarge,ap-northeast-1,0.03268458172571016
m5ad.24xlarge,us-west-2,0.032351861243990955
r6gd.2xlarge,ca-central-1,0.03234304449224767
c6gn.12xlarge,ap-southeast-1,0.03223174511037818
c6gn.2xlarge,ca-central-1,0.032180336153938116
m5ad.16xlarge,us-west-2,0.03208914118905018
m6idn.12xlarge,us-west-1,0.03196800449075725
m6idn.16xlarge,us-east-2,0.03196254489816021
c7gn.8xlarge,ap-northeast-1,0.0319522276526784
x2idn.32xlarge,us-east-1,0.03170960558637699
c7g.12xlarge,ap-northeast-1,0.03168057513072763
c6id.8xlarge,ap-southeast-2,0.03167178562324536
r7a.8xlarge,us-west-2,0.03166751812478725
r3.4xlarge,us-east-1,0.03162763492820769
i4i.24xlarge,eu-central-1,0.03124975246469524
r6a.24xlarge,eu-central-1,0.031216829911634013
r6g.12xlarge,us-east-1,0.031182387610929917
r6idn.32xlarge,eu-central-1,0.031132559984210387
m5ad.8xlarge,eu-west-1,0.031123116988163824
x2iedn.8xlarge,eu-west-1,0.03103947336662744
m7i.metal-24xl,ap-northeast-1,0.03096688237862435
c6a.8xlarge,ap-northeast-1,0.030916466361783697
m6g.16xlarge,us-east-1,0.03072603239276151
d3.4xlarge,ap-southeast-2,0.030692380953528452
m7i.48xlarge,ap-northeast-1,0.030691098084833356
c7gn.12xlarge,ap-northeast-1,0.030571898682335178
x2iedn.xlarge,ap-southeast-1,0.030559781728064412
c6in.12xlarge,eu-west-1,0.030538473535749695
c6in.large,ap-south-1,0.03025691136310381
m6i.metal,us-east-2,0.030212763003424972
r6i.metal,eu-west-1,0.03009361840046867
m6i.24xlarge,eu-west-3,0.02999722496410589
r5ad.8xlarge,us-west-2,0.029977509498967835
r6idn.12xlarge,eu-west-1,0.029878692412329436
m6in.12xlarge,ca-central-1,0.029792084584279992
c7a.12xlarge,ap-northeast-1,0.029659905357847283
r6i.metal,ca-central-1,0.02949729135915426
c6gn.16xlarge,us-west-2,0.029354805868347628
g6.xlarge,us-east-1,0.029304125317719008
r5ad.8xlarge,us-east-2,0.029291062099368704
r5b.12xlarge,ap-northeast-2,0.029120270676608592
r5b.large,ca-central-1,0.028892763131754873
r6idn.24xlarge,us-east-2,0.028789914363796607
r8g.8xlarge,us-west-2,0.0287868504349684
inf2.48xlarge,ap-northeast-1,0.028762260835068082
c6a.24xlarge,ap-south-1,0.028718195327163187
r4.16xlarge,us-west-2,0.028609457458164893
m5ad.8xlarge,sa-east-1,0.02857919592585038
inf2.24xlarge,ap-south-1,0.028549387077823604
r5b.4xlarge,ap-southeast-1,0.0284987714424286
m7i.metal-48xl,eu-west-2,0.02831549471864515
m7i-flex.2xlarge,eu-west-1,0.02816025086603538
m6gd.8xlarge,ap-northeast-2,0.028150227791558922
r7g.8xlarge,ca-central-1,0.02812937136203409
x2gd.metal,eu-west-1,0.02786497265376575
c5a.16xlarge,eu-north-1,0.027847464859881436
r5n.metal,eu-central-1,0.02778835062822598
x2iezn.6xlarge,us-east-1,0.02777283754478115
i4i.32xlarge,eu-west-3,0.027664618039236883
c7i.12xlarge,ap-northeast-1,0.0276387824940189
m6a.32xlarge,eu-central-1,0.02760634976017305
r5dn.2xlarge,ap-northeast-2,0.027553898861506176
c7gd.12xlarge,eu-west-1,0.027459471596885568
c6g.metal,eu-west-2,0.02726772981974289
r7i.metal-48xl,eu-central-1,0.02712392092606696
m6idn.12xlarge,ca-central-1,0.027032150570570842
c7i.24xlarge,ap-northeast-1,0.02700181763108806
c5d.24xlarge,eu-west-1,0.026931964769654686
m6a.12xlarge,ap-south-1,0.02688501947624958
m6id.xlarge,ca-central-1,0.026847331436417543
x2gd.8xlarge,us-east-1,0.026816208473612997
r6i.32xlarge,ap-southeast-2,0.02679876657207753
r7i.24xlarge,ap-northeast-2,0.026714054355469617
m6a.24xlarge,ap-southeast-1,0.026696956800270847
m6gd.16xlarge,ap-northeast-2,0.026470658354431152
m8g.metal-24xl,eu-central-1,0.026436326584329744
c6g.8xlarge,ap-northeast-3,0.02637447399042721
m7g.16xlarge,ap-south-1,0.026371812293602897
r5dn.xlarge,us-east-1,0.02636740190246493
r7iz.8xlarge,eu-central-1,0.02633749243942381
r6in.12xlarge,ap-southeast-2,0.0263374300594679
c7gd.8xlarge,ap-northeast-1,0.02624950503505972
r7i.metal-48xl,ap-south-1,0.026017710906835023
m7i-flex.xlarge,eu-west-1,0.02579569989400355
r5b.metal,ap-southeast-1,0.025638665917745076
c7g.metal,eu-central-1,0.025628944334287182
r6id.large,eu-west-2,0.025579048717453805
r7i.8xlarge,us-east-2,0.025524478389385017
m5n.16xlarge,us-west-2,0.02545569542815552
m6in.16xlarge,ap-northeast-1,0.02536409923444875
r6in.32xlarge,ap-southeast-1,0.025311824554939185
r5b.8xlarge,sa-east-1,0.02517306952663123
r7g.metal,eu-north-1,0.02516098335972955
m5d.8xlarge,ap-southeast-1,0.025085725388505994
r5.16xlarge,us-west-1,0.025070072192430102
c5n.4xlarge,ap-south-1,0.024966840180341676
g6.24xlarge,eu-north-1,0.02495940696383639
r5b.xlarge,ap-southeast-1,0.024949312814172727
m6in.12xlarge,us-east-1,0.024890500840078836
c6in.2xlarge,us-east-1,0.02481234048666741
r6gd.xlarge,us-west-2,0.024740832434955243
r5n.4xlarge,eu-west-1,0.02463462785561476
m6in.24xlarge,us-west-1,0.024593029752722692
m7i.metal-48xl,us-west-1,0.02454548821873205
r5b.metal,eu-west-2,0.024538340898510622
im4gn.xlarge,ap-northeast-1,0.02448324211074247
r6id.16xlarge,eu-central-1,0.024422041468890848
r7iz.32xlarge,us-east-2,0.024417785137825245
c6in.8xlarge,us-west-1,0.024390582788242014
r6i.16xlarge,eu-central-1,0.024371753634722722
r7gd.4xlarge,ap-northeast-1,0.0243056138791695
c6in.32xlarge,eu-west-2,0.02430339265874432
r5ad.2xlarge,us-east-1,0.02425192020421942
d3.4xlarge,ca-central-1,0.024228393993387092
m6in.8xlarge,us-east-2,0.024202357240047805
c7gd.metal,ap-southeast-2,0.024129303214586256
m6idn.16xlarge,ap-northeast-1,0.024116253330660444
r6in.metal,us-east-2,0.02409434430147175
c6i.12xlarge,ap-northeast-3,0.02405056494159138
r5.metal,eu-north-1,0.023803505409544286
gr6.8xlarge,ap-south-1,0.023750461720566884
c7i.metal-48xl,sa-east-1,0.023676785458870676
r7gd.8xlarge,eu-west-1,0.02358327813740983
i4g.8xlarge,ap-southeast-1,0.023524117758195327
is4gen.4xlarge,us-west-2,0.023300936008117345
c6gd.16xlarge,sa-east-1,0.023239069226205437
c6in.2xlarge,ap-northeast-1,0.02316627581195459
r7g.8xlarge,eu-west-2,0.023067185787097433
r7i.xlarge,us-east-2,0.02294146141949327
c7a.32xlarge,us-east-2,0.022757883249256955
c6gn.2xlarge,us-west-1,0.02267443494817357
g6e.24xlarge,us-east-1,0.02266912861590873
r5dn.16xlarge,us-west-2,0.022659433868666538
c6g.16xlarge,us-east-2,0.022634500304619203
c8g.xlarge,us-east-1,0.022490805966418705
c6g.metal,ap-northeast-3,0.0224387736994896
m5ad.12xlarge,eu-west-2,0.02228285115015821
g5.4xlarge,eu-west-1,0.022173159654637842
r5ad.12xlarge,ap-northeast-2,0.02214728341938953
r5b.metal,eu-central-1,0.022143097167033856
c6in.2xlarge,sa-east-1,0.02206200664474311
m7i.metal-24xl,ap-southeast-1,0.022047390635854525
r7i.48xlarge,ap-northeast-2,0.021907974289332048
c7i.48xlarge,ca-central-1,0.02187776987021473
m6a.24xlarge,ap-southeast-2,0.021870860239541604
c6in.12xlarge,us-west-1,0.021732239673887137
r7g.12xlarge,eu-north-1,0.02167049616226686
r7iz.8xlarge,us-west-2,0.02154593849735114
d3.4xlarge,us-east-2,0.02132363380616621
c6in.16xlarge,ap-southeast-2,0.021245517153324598
c5n.4xlarge,ap-northeast-2,0.02120849497188776
c5a.12xlarge,ap-northeast-2,0.0211864365526429
c7i.metal-24xl,eu-west-2,0.021168984559257826
r6g.metal,ap-northeast-1,0.021137425133557923
inf2.24xlarge,ap-northeast-1,0.020994630724845646
m7i-flex.8xlarge,eu-west-1,0.020963489683061796
m7a.16xlarge,eu-west-1,0.020958247688219786
im4gn.8xlarge,us-west-2,0.020542333311614803
c6i.16xlarge,eu-north-1,0.020472446726896465
m6in.large,ap-northeast-1,0.020404023676570335
m6idn.16xlarge,us-west-1,0.020387415450839542
c5n.9xlarge,eu-central-1,0.020297753204322283
c7gd.2xlarge,eu-west-1,0.020278256473129568
m6id.12xlarge,ap-northeast-1,0.02025743750284915
g6.24xlarge,eu-central-1,0.020195803485793997
i4i.24xlarge,eu-west-3,0.02009753567215837
c5a.16xlarge,eu-central-1,0.020014826483280294
r5n.24xlarge,eu-west-1,0.020005361169069258
c7i.large,ap-south-1,0.01991297176158014
r6i.xlarge,ap-northeast-3,0.019827875632231113
c6g.12xlarge,eu-west-3,0.01975994883551599
r6in.2xlarge,ap-southeast-1,0.019736938127471616
r5d.24xlarge,eu-west-1,0.01972338709518923
r7gd.16xlarge,eu-west-1,0.019689916591327464
c7a.12xlarge,us-east-2,0.01966423550808276
c6in.24xlarge,ap-southeast-2,0.019616954881729237
m5.metal,us-west-1,0.019608690305245657
m7g.metal,us-west-2,0.019588032986776603
m6idn.12xlarge,eu-north-1,0.019469809373172647
i4i.xlarge,eu-west-3,0.019433685421808993
c5d.12xlarge,ca-central-1,0.019221902684109518
c5ad.16xlarge,ap-southeast-1,0.019202854422739207
m5ad.2xlarge,sa-east-1,0.019073039433212906
is4gen.2xlarge,ap-southeast-1,0.018965801214071716
r6idn.2xlarge,us-west-2,0.01887513047094957
m7gd.metal,ap-southeast-1,0.01882479714903043
c5d.metal,sa-east-1,0.018806668153143212
r6a.4xlarge,ap-northeast-1,0.01878944354327132
g6.12xlarge,ap-southeast-2,0.018543254388142274
c6gn.4xlarge,eu-west-3,0.018475456383216644
m5ad.4xlarge,us-east-2,0.01825994125258826
c6gd.8xlarge,eu-west-3,0.018059834101824525
m6idn.8xlarge,us-east-2,0.0180344544100628
r6in.16xlarge,eu-north-1,0.018016818661293448
m7g.12xlarge,ap-northeast-1,0.017972077808208583
m6a.metal,us-east-2,0.01780645332852688
c6in.large,sa-east-1,0.017791498421138845
i3en.metal,ap-northeast-2,0.01761492260132772
r5d.8xlarge,ap-northeast-2,0.017569490830785427
c6gn.medium,ca-central-1,0.01751624907867271
c6i.32xlarge,us-east-2,0.017514092336248264
c6in.xlarge,sa-east-1,0.017471991121107006
g6.24xlarge,ap-southeast-2,0.017409611979888166
c6gd.xlarge,ap-south-1,0.01728397023580729
r5d.metal,us-east-1,0.017232369896008803
vt1.24xlarge,ap-northeast-1,0.017034575582287426
g5.12xlarge,us-east-1,0.016735729753891395
gr6.4xlarge,us-east-1,0.01670949571895498
m7i-flex.8xlarge,ap-south-1,0.01666128806815731
m5.metal,eu-west-2,0.016602277582578966
m6i.8xlarge,eu-north-1,0.01658753385818852
c7gn.4xlarge,ap-northeast-1,0.016560204739576687
m7a.16xlarge,eu-north-1,0.01655240605193018
r5.16xlarge,ca-central-1,0.016496245476389726
c6i.24xlarge,eu-north-1,0.01629256115014408
m5ad.4xlarge,eu-west-3,0.016281170396587368
m4.10xlarge,ap-southeast-2,0.016158110663367597
m6idn.2xlarge,ca-central-1,0.01595477513445195
r7i.48xlarge,eu-central-1,0.01585912768680612
r6id.32xlarge,ap-south-1,0.015749107813864755
r5ad.12xlarge,sa-east-1,0.015625548257135403
c6id.12xlarge,ap-northeast-1,0.015567394390264229
m7i-flex.xlarge,us-east-1,0.015486050228022987
vt1.6xlarge,us-west-2,0.015475328909351922
c5n.9xlarge,ap-southeast-1,0.01545674475249984
m5ad.8xlarge,ap-northeast-1,0.015438600913268246
m5a.12xlarge,ap-southeast-1,0.015301667387191274
r7i.48xlarge,ap-northeast-1,0.014999806437478821
x2idn.metal,us-east-1,0.014719278830226827
inf2.24xlarge,sa-east-1,0.014678821599869682
i4i.12xlarge,eu-north-1,0.014647219770341306
r5d.24xlarge,ap-south-1,0.014621436314941479
r5ad.8xlarge,eu-west-2,0.014313528608332687
c7g.12xlarge,eu-north-1,0.014265304177661768
i4g.4xlarge,us-west-2,0.014206907055627233
m6g.metal,ap-northeast-3,0.014200779500640956
i4i.8xlarge,ap-northeast-3,0.014138879731711613
is4gen.xlarge,eu-central-1,0.014005095640972116
c6gn.8xlarge,ap-southeast-2,0.013845237770929057
g6.2xlarge,us-west-2,0.013738822519201773
c7gd.8xlarge,ap-south-1,0.013617740782084012
g6.48xlarge,ap-southeast-2,0.013337667616433357
m6a.12xlarge,eu-central-1,0.013121792737556235
r5b.2xlarge,eu-west-2,0.01312043328246776
trn1.2xlarge,us-west-2,0.013116076879617983
c7i.12xlarge,eu-west-1,0.013109353972377901
r6idn.12xlarge,eu-north-1,0.013047307232470494
r6a.2xlarge,ap-northeast-1,0.012857641431115296
c4.4xlarge,ap-northeast-2,0.012761014081994957
r6id.8xlarge,us-east-2,0.012760052086495563
m5ad.12xlarge,eu-west-3,0.012728119888923835
d3en.4xlarge,us-west-2,0.012685409851889711
c7gd.medium,eu-west-1,0.01261866679844891
r6a.32xlarge,eu-central-1,0.012616545538229237
r6idn.metal,eu-north-1,0.01259533026304589
x2gd.8xlarge,us-west-2,0.012478064488654525
r7iz.2xlarge,us-east-2,0.012454457779896783
m7i.8xlarge,ap-southeast-2,0.012361600181522972
c7g.2xlarge,ap-northeast-1,0.012241136567234476
m7g.12xlarge,eu-central-1,0.012221931423290986
c6id.8xlarge,ap-northeast-1,0.012165395426276624
m6id.12xlarge,eu-central-1,0.012118812997816442
r6a.16xlarge,eu-central-1,0.011984651544871404
r5b.2xlarge,eu-north-1,0.011968302182322428
r7gd.metal,ap-southeast-2,0.01193718690985446
m5dn.2xlarge,ap-northeast-1,0.011825565488513498
m7i.24xlarge,ap-south-1,0.01181591233546865
r5ad.2xlarge,ap-northeast-1,0.01179570271174421
r7iz.metal-32xl,eu-west-1,0.011753971795238983
r6a.12xlarge,eu-west-1,0.011706404885636516
m5ad.2xlarge,us-west-2,0.011663341634928269
r5ad.4xlarge,ap-southeast-1,0.011625104530800323
im4gn.4xlarge,eu-west-3,0.011622329696762128
r6i.32xlarge,ap-northeast-3,0.011563508018466057
r7i.metal-24xl,eu-north-1,0.011552316552502509
m6in.4xlarge,eu-west-1,0.011516962569723763
g6.8xlarge,ap-northeast-1,0.011309362831749678
m6a.48xlarge,ap-southeast-1,0.01130852369645819
c7g.4xlarge,ap-northeast-1,0.011111053725918973
r7iz.2xlarge,us-west-2,0.011052411192934649
r6g.metal,us-east-2,0.010934711079893723
m7gd.12xlarge,ap-southeast-2,0.010845660550625734
c7g.metal,ap-northeast-1,0.010715473933647728
c6g.8xlarge,eu-west-3,0.010685022040657322
m6i.24xlarge,eu-west-2,0.010582922636549124
c6gd.12xlarge,ap-northeast-1,0.010553772417578594
r6id.16xlarge,us-east-2,0.010545794626990321
g4dn.metal,ap-southeast-2,0.010537947218400956
c5d.18xlarge,us-east-2,0.010523535150212393
r7g.12xlarge,us-east-2,0.01043382155136567
r5n.8xlarge,eu-west-2,0.010296238343701072
m5a.2xlarge,us-west-2,0.010188091235830936
m7i.metal-24xl,us-west-1,0.010182177977767968
m6a.24xlarge,eu-central-1,0.009952640926813867
i4i.16xlarge,eu-west-1,0.009914559451006952
r8g.metal-48xl,us-east-2,0.009887241075153715
r7a.metal-48xl,us-east-2,0.009842180217521142
r6in.16xlarge,us-west-2,0.009658297720181883
m6g.12xlarge,ap-northeast-1,0.009527931019936728
x2gd.4xlarge,us-east-1,0.009507779507536347
c6i.32xlarge,ap-southeast-2,0.009444727547914008
c5d.12xlarge,ap-northeast-1,0.009416529514828367
c5.24xlarge,eu-west-1,0.009363287363108328
m4.16xlarge,us-east-1,0.009349343536335524
c6gn.4xlarge,us-west-1,0.00933754379587821
m6a.32xlarge,us-west-2,0.009291035524487753
r5ad.24xlarge,ap-northeast-1,0.009212120169775599
r5.24xlarge,ap-southeast-1,0.009198287831195025
c5a.12xlarge,ap-southeast-1,0.009105702501354585
c5a.8xlarge,ap-northeast-2,0.008998630766935599
c6i.16xlarge,ap-southeast-1,0.008905521155730104
m7i-flex.xlarge,ap-northeast-2,0.008899251440579029
m5ad.24xlarge,sa-east-1,0.008886161739388925
c7a.16xlarge,eu-west-1,0.008872209408150592
g6e.4xlarge,us-west-2,0.008827730349286925
c7i-flex.2xlarge,ap-south-1,0.008796025039219097
c7gn.8xlarge,us-west-2,0.008791485655627145
g4dn.4xlarge,us-west-2,0.008709080101141574
m6id.xlarge,sa-east-1,0.008693165992019646
m7a.12xlarge,us-east-2,0.008651085944344236
r8g.2xlarge,us-east-1,0.008624383402898084
c6gd.8xlarge,eu-north-1,0.008617476880465378
r6i.16xlarge,us-east-2,0.00844475126423759
r8g.4xlarge,us-west-2,0.008412293970512545
r7gd.12xlarge,us-west-2,0.00833055827576442
c5.18xlarge,eu-north-1,0.008154834803688116
c6a.48xlarge,ca-central-1,0.008119725033363287
m8g.metal-24xl,us-east-1,0.008084269111414593
c6gd.xlarge,eu-west-1,0.008043523725764452
c5n.metal,us-west-2,0.007965900539460469
r5.large,us-east-2,0.00794659904889282
r7g.16xlarge,us-east-2,0.007946372592874394
c6gd.xlarge,ca-central-1,0.007863072967679732
r7i.24xlarge,ap-southeast-2,0.00776442272163609
r7iz.metal-16xl,ap-northeast-1,0.007650991285405995
m7i-flex.large,us-east-1,0.007553374235638209
g4dn.16xlarge,ap-northeast-2,0.007479209202479245
is4gen.8xlarge,ap-southeast-1,0.007314417950753751
c7gd.large,eu-west-1,0.007260547464155792
m6gd.2xlarge,eu-north-1,0.007209937561704302
c8g.metal-24xl,us-east-2,0.0071968948745476345
m7i-flex.2xlarge,us-west-2,0.007165280467234029
gr6.4xlarge,ap-northeast-1,0.007118214999259817
r6i.32xlarge,ap-south-1,0.007014174160163373
g6.12xlarge,eu-central-1,0.006939852589504967
c6in.2xlarge,ap-southeast-1,0.006936883274886991
c7a.16xlarge,eu-central-1,0.006901781374065279
m6a.16xlarge,us-west-1,0.006856040443294425
c7i-flex.8xlarge,eu-west-2,0.0068513218146505515
c6in.32xlarge,ap-south-1,0.0067888499123100405
m7i.24xlarge,eu-west-2,0.0067872259721474685
c7g.4xlarge,ap-southeast-2,0.0067083418455496525
gr6.8xlarge,ap-southeast-2,0.006666865386641022
c7i.48xlarge,sa-east-1,0.006633300850842695
t4g.2xlarge,eu-west-2,0.006630830428282796
c7gd.8xlarge,us-west-2,0.006621610512713548
g4dn.metal,us-east-2,0.00660545680527116
c6in.8xlarge,eu-west-2,0.0065854661644079385
m5ad.12xlarge,sa-east-1,0.0065636213214407945
c5d.9xlarge,ap-northeast-3,0.006505365330582104
r5a.xlarge,ap-northeast-1,0.006495964196108447
g6.16xlarge,ap-south-1,0.006403973610025505
c7i-flex.xlarge,ap-southeast-2,0.006393228987534282
r6i.16xlarge,eu-west-1,0.006318707813928665
r7a.4xlarge,ap-northeast-1,0.0063044476476580985
g4dn.16xlarge,eu-west-2,0.00628845559003804
c6i.16xlarge,ap-southeast-2,0.006202592768754853
m5dn.metal,us-east-2,0.006196293628421733
m6idn.4xlarge,ap-southeast-2,0.0061950141815762735
m6in.24xlarge,us-east-1,0.006025770200151569
c7a.8xlarge,eu-north-1,0.005932880287782383
r7a.24xlarge,eu-west-1,0.005878983468974903
m6a.metal,eu-central-1,0.005850916940007338
c7gd.4xlarge,ap-south-1,0.005811053193969322
r6in.metal,us-west-2,0.005776119584211092
m5zn.2xlarge,ap-southeast-1,0.005699927662040204
inf2.8xlarge,sa-east-1,0.005678746353939329
r8g.4xlarge,us-east-1,0.005421522437611672
m7i-flex.8xlarge,ca-central-1,0.005400129281744581
c7gd.metal,us-east-2,0.005394576872254947
r6a.xlarge,ap-southeast-2,0.005379794010141493
im4gn.large,us-west-2,0.005367343059907026
g6.8xlarge,us-east-1,0.005298372237633774
i4i.12xlarge,us-east-2,0.005199709237302741
m6in.8xlarge,eu-west-1,0.005193186996594509
r5d.12xlarge,ap-southeast-1,0.005123986400068945
r6in.large,ap-northeast-1,0.0050921538535811965
r6i.12xlarge,eu-central-1,0.005066320038416771
im4gn.xlarge,us-west-2,0.005065903738050679
m6g.metal,us-west-1,0.005049940813464905
r5b.xlarge,eu-west-2,0.005048821605947603
c6i.16xlarge,ap-south-1,0.00502911198162181
c6g.metal,ap-southeast-1,0.005026539795665556
m6a.metal,ap-south-1,0.004905783114156083
c7gd.metal,ap-south-1,0.0048635486756516706
m6g.metal,eu-north-1,0.004729031246655013
m6a.32xlarge,us-west-1,0.004707587857085135
i4i.4xlarge,eu-west-1,0.004701761436799563
g6.4xlarge,eu-central-1,0.004634480111838868
x2iedn.2xlarge,eu-west-1,0.004603094130700456
r5ad.16xlarge,us-west-1,0.004585202049501938
i4i.4xlarge,us-west-2,0.004470746894907264
g4dn.12xlarge,eu-west-3,0.0044639734356602045
c6gd.large,sa-east-1,0.004410909512566358
m6g.12xlarge,us-east-2,0.0043940651285352805
r6g.8xlarge,ap-south-1,0.004329588174915685
m5ad.xlarge,us-west-2,0.004317108195623674
r5d.12xlarge,ap-south-1,0.004264664739104489
c6g.2xlarge,eu-north-1,0.004220362974892505
c7i-flex.large,ap-southeast-2,0.004115189661497433
r6i.16xlarge,eu-west-3,0.004107741313419729
i4i.32xlarge,eu-north-1,0.004077614825079227
c6gd.large,ap-northeast-1,0.004053762655064644
c5n.9xlarge,eu-north-1,0.003995291448800946
r6gd.16xlarge,ap-northeast-1,0.003928597518541649
r6gd.xlarge,ap-southeast-1,0.00392731235851525
m5zn.12xlarge,us-east-1,0.0038676224377184967
m6i.24xlarge,us-east-2,0.0038435546380208986
m5.16xlarge,ca-central-1,0.0037576243354859535
i4i.4xlarge,eu-central-1,0.0037344536942596368
r5dn.8xlarge,ap-northeast-1,0.003688314429449924
m7gd.2xlarge,ap-southeast-2,0.0036639045245021396
m6g.16xlarge,ca-central-1,0.0036639045245021396
r5ad.24xlarge,eu-west-1,0.0036317095352089612
inf2.24xlarge,eu-west-1,0.003624918298592939
c7g.metal,us-west-1,0.003576972419970614
m6in.2xlarge,ca-central-1,0.0035738042200452753
g5.16xlarge,ap-northeast-1,0.003538295695429566
m8g.48xlarge,us-east-1,0.0034828796703871828
r6id.2xlarge,eu-central-1,0.0034526521660323507
c7i.48xlarge,ap-southeast-1,0.0033657775053807697
m6gd.2xlarge,ap-northeast-1,0.0032245336260989586
c6i.16xlarge,eu-west-3,0.0032189902743198317
m7i-flex.8xlarge,us-west-1,0.0031908701751726157
is4gen.xlarge,us-west-2,0.003163141929053821
m6idn.8xlarge,ap-southeast-2,0.003149540271221004
i4i.8xlarge,ap-northeast-2,0.003063963062070412
c6gd.8xlarge,eu-west-2,0.0030501578740517146
m7g.12xlarge,ap-southeast-2,0.0030427505474224332
c6gn.4xlarge,ap-northeast-1,0.0029774830953954276
x2iedn.xlarge,us-west-2,0.002964056523438904
c6id.24xlarge,ap-southeast-2,0.0029413780523848427
r7iz.8xlarge,ap-northeast-1,0.0029286674248057676
r5d.12xlarge,eu-north-1,0.0028958595042703427
g5.2xlarge,eu-central-1,0.0028850674587168404
m7i.8xlarge,us-west-2,0.002710591814663798
m8g.4xlarge,us-east-2,0.0026972988652307008
gr6.4xlarge,ap-southeast-2,0.0026194920495644504
m5a.12xlarge,ap-northeast-2,0.0025376092581699487
m7gd.8xlarge,ap-southeast-1,0.0025372573723325387
m6g.12xlarge,sa-east-1,0.0024416903323227915
c6gn.4xlarge,ap-southeast-1,0.0023822413365880923
m6id.16xlarge,eu-west-1,0.002299265904056764
m6a.4xlarge,ap-south-1,0.0022717568275007908
r5d.12xlarge,ap-northeast-2,0.0022577670959531607
m6i.16xlarge,ca-central-1,0.002238043130186696
c6i.4xlarge,ap-northeast-3,0.002184214792296676
c7a.16xlarge,us-east-2,0.0021567258164408507
g6.48xlarge,eu-west-2,0.0021555133017460855
r5b.8xlarge,us-west-2,0.0021291728563771835
r6a.4xlarge,ap-southeast-2,0.0021001445229790676
m7i.4xlarge,ap-south-1,0.0020809026056742407
c7gd.metal,ap-southeast-1,0.002072474791454171
r7a.2xlarge,us-west-2,0.002053722152210337
c6gd.16xlarge,eu-west-2,0.0019774923341470576
r6id.large,ap-southeast-2,0.0019318635993453308
d3.4xlarge,eu-west-1,0.001889543870007115
c6i.8xlarge,eu-north-1,0.0018893737536306637
m7g.8xlarge,us-west-2,0.0018892518664134837
c5.18xlarge,eu-west-1,0.0018795426955177583
c6gd.16xlarge,ap-southeast-1,0.0018668939774642364
c6g.12xlarge,eu-west-2,0.0018576396002976119
g6.16xlarge,us-west-2,0.0018010010438616498
r5a.4xlarge,ap-northeast-1,0.001791241283339862
m5.metal,ap-south-1,0.0017589884017646178
r6id.large,ap-northeast-1,0.0016883029565362383
r5.16xlarge,eu-west-3,0.0016848655392805
m7g.12xlarge,ap-southeast-1,0.0015428002839427783
c6gn.xlarge,eu-west-3,0.0015070545287301147
r5n.24xlarge,eu-central-1,0.0014364642834497321
c7gn.4xlarge,us-east-2,0.0013321354664641337
c5n.metal,ap-northeast-1,0.0013052037472480694
i4i.12xlarge,eu-west-2,0.0012661314135046795
x2iedn.2xlarge,us-east-1,0.0012262196373478886
g6e.2xlarge,us-east-2,0.0011773277251974808
r7i.48xlarge,ca-central-1,0.001167579391158242
i4i.24xlarge,us-east-2,0.0011202340458425159
m6idn.2xlarge,eu-west-1,0.0010999932577668372
g6.2xlarge,us-east-2,0.001065740291541794
c6a.32xlarge,us-east-2,0.001065740291541794
r6i.8xlarge,ap-southeast-2,0.0009928358098261008
c5.metal,us-west-1,0.0009381788852276786
c7a.2xlarge,ap-northeast-1,0.0008077563460963817
m5.24xlarge,ap-southeast-1,0.0007714998081215684
c6in.4xlarge,ap-southeast-1,0.0007714998081215684
c5ad.12xlarge,eu-west-1,0.0005984781535315549
m5dn.4xlarge,us-west-2,0.0005876653558028447
c7g.16xlarge,eu-central-1,0.00046702617217657166
m7g.16xlarge,us-east-1,0.00032565299779436894
